Design,Start_Quarter,Adjusted,Incl_PrevQ_Boosted,n,InfectionVE,Lower95,Upper95
1,Q2 2022,N,N,101313,-5.927022,-6.24693,-5.621235
2,Q2 2022,Y,N,101313,-6.262745,-6.630512,-5.912704
3,Q2 2022,N,Y,102527,-5.347655,-5.628334,-5.078862
4,Q2 2022,Y,Y,102527,-5.738491,-6.064523,-5.427505
5,Q3 2022,N,N,82471,-30.235315,-33.301667,-27.443076
6,Q3 2022,Y,N,82471,-25.095663,-27.738432,-22.695922
7,Q3 2022,N,Y,87227,-7.868008,-8.399763,-7.366335
8,Q3 2022,Y,Y,87227,-9.655043,-10.362449,-8.991679